Id,Prediction,Date,File,StartTime,ElapsedTime,BusyTime,Commands,editOrInsertPercentage,debugPercentage,navigationPercentage,focusPercentage,removePercentage,editPercentage,COMMAND_RATE,NAVIGATION_RATE,DEBUG_RATE,FOCUS_RATE,EDIT_RATE,REMOVE_RATE,INSERT_RATE,webLinkTimes,Web Page Visits
1,,Thu Oct 12 16:05:13 EDT 2023,SocialDistance.pl,1697141113875,24282,0,(I)1(R)1(I)21,95.65217391304348,0.0,0.0,0.0,4.3478260869565215,0.0,0.9583333333333334,0.0,0.0,0.0,0.0,0.041666666666666664,0.9166666666666666,0.0,[]
,/modelData/A0UserStudy2010.arff,Thu Oct 12 16:05:13 EDT 2023,SocialDistance.pl, 1697141113875
2,,Thu Oct 12 16:05:38 EDT 2023,SocialDistance.pl,1697141138289,57743,0,(I)6(F)2(I)13,90.47619047619048,0.0,0.0,9.523809523809524,0.0,0.0,0.3684210526315789,0.0,0.0,0.03508771929824561,0.0,0.0,0.3333333333333333,0.0,[]
3,,Thu Oct 12 16:06:36 EDT 2023,SocialDistance.pl,1697141196998,34831,0,(I)10(R)2(I)12,91.66666666666666,0.0,0.0,0.0,8.333333333333332,0.0,0.7058823529411765,0.0,0.0,0.0,0.0,0.058823529411764705,0.6470588235294118,0.0,[]
4,,Thu Oct 12 16:07:12 EDT 2023,SocialDistance.pl,1697141232442,109239,0,(I)14(F)2(I)9,92.0,0.0,0.0,8.0,0.0,0.0,0.22935779816513763,0.0,0.0,0.01834862385321101,0.0,0.0,0.21100917431192662,0.0,[]
5,,Thu Oct 12 16:09:02 EDT 2023,SocialDistance.pl,1697141342703,63870,0,(I)18(R)1(I)6,96.0,0.0,0.0,0.0,4.0,0.0,0.3968253968253968,0.0,0.0,0.0,0.0,0.015873015873015872,0.38095238095238093,0.0,[]
6,,Thu Oct 12 16:10:12 EDT 2023,SocialDistance.pl,1697141412812,20323,0,(I)25,100.0,0.0,0.0,0.0,0.0,0.0,1.25,0.0,0.0,0.0,0.0,0.0,1.25,0.0,[]
7,,Thu Oct 12 16:10:33 EDT 2023,SocialDistance.pl,1697141433839,129177,0,(I)5(F)1(N)5(F)1(I)2(F)2(I)9,64.0,0.0,20.0,16.0,0.0,0.0,0.1937984496124031,0.03875968992248062,0.0,0.031007751937984496,0.0,0.0,0.12403100775193798,0.0,[]
8,,Thu Oct 12 16:12:43 EDT 2023,SocialDistance.pl,1697141563118,33434,0,(I)11(R)2(I)3(R)5(I)1,68.18181818181817,0.0,0.0,0.0,31.818181818181817,0.0,0.6666666666666666,0.0,0.0,0.0,0.0,0.21212121212121213,0.45454545454545453,0.0,[]
9,,Thu Oct 12 16:13:23 EDT 2023,SocialDistance.pl,1697141603189,37232,0,(I)1(D)1(F)1(D)2,20.0,60.0,0.0,20.0,0.0,0.0,0.13513513513513514,0.0,0.08108108108108109,0.02702702702702703,0.0,0.0,0.02702702702702703,0.0,[]
10,,Thu Oct 12 16:14:00 EDT 2023,SocialDistance.pl,1697141640491,572,572,(D)2,0.0,100.0,0.0,0.0,0.0,0.0,0.0,0.0,0.0,0.0,0.0,null,0.0,0.0,[]
11,,Thu Oct 12 16:14:01 EDT 2023,SocialDistance.pl,1697141641087,2086,2086,(D)1,0.0,100.0,0.0,0.0,0.0,0.0,0.5,0.0,0.5,0.0,0.0,0.0,0.0,0.0,[]
12,,Wed Dec 31 19:00:00 EST 1969,SocialDistance.pl,0,-1,0,,0.0,0.0,0.0,0.0,0.0,0.0,0.0,0.0,0.0,0.0,0.0,null,0.0,0.0,[]
13,,Thu Oct 12 16:14:03 EDT 2023,SocialDistance.pl,1697141643659,2071,2071,(D)1,0.0,100.0,0.0,0.0,0.0,0.0,0.5,0.0,0.5,0.0,0.0,0.0,0.0,0.0,[]
14,,Wed Dec 31 19:00:00 EST 1969,SocialDistance.pl,0,-1,0,,0.0,0.0,0.0,0.0,0.0,0.0,0.0,0.0,0.0,0.0,0.0,null,0.0,0.0,[]
15,,Thu Oct 12 16:14:06 EDT 2023,SocialDistance.pl,1697141646952,23770,0,(F)1(I)8,88.88888888888889,0.0,0.0,11.11111111111111,0.0,0.0,0.391304347826087,0.0,0.0,0.043478260869565216,0.0,0.0,0.34782608695652173,0.0,[]
16,,Thu Oct 12 16:14:30 EDT 2023,SocialDistance.pl,1697141670973,163373,0,(I)21(F)2,91.30434782608695,0.0,0.0,8.695652173913043,0.0,0.0,0.1411042944785276,0.0,0.0,0.012269938650306749,0.0,0.0,0.12883435582822086,0.0,[]
17,,Thu Oct 12 16:13:07 EDT 2023,SocialDistance.pl,1697141587055,398704,0,(R)2(I)8(F)1(I)1(N)1(F)1(I)7(F)2(I)1,70.83333333333334,0.0,4.166666666666666,16.666666666666664,8.333333333333332,0.0,0.06030150753768844,0.002512562814070352,0.0,0.010050251256281407,0.0,0.005025125628140704,0.04271356783919598,0.0,[]
18,,Thu Oct 12 16:19:46 EDT 2023,SocialDistance.pl,1697141986307,43164,0,(I)3(F)5(I)2(F)1(I)4(F)2(I)7,66.66666666666666,0.0,0.0,33.33333333333333,0.0,0.0,0.5581395348837209,0.0,0.0,0.18604651162790697,0.0,0.0,0.37209302325581395,0.0,[]
19,,Thu Oct 12 16:20:29 EDT 2023,SocialDistance.pl,1697142029576,4993,4993,(I)7(R)3(I)15,88.0,0.0,0.0,0.0,12.0,0.0,6.25,0.0,0.0,0.0,0.0,0.75,5.5,0.0,[]
20,,Thu Oct 12 16:20:35 EDT 2023,SocialDistance.pl,1697142035204,8451,8451,(I)12(R)2(I)11,92.0,0.0,0.0,0.0,8.0,0.0,3.125,0.0,0.0,0.0,0.0,0.25,2.875,0.0,[]
21,,Thu Oct 12 16:20:43 EDT 2023,SocialDistance.pl,1697142043847,4564,4564,(I)10(R)7(I)8,72.0,0.0,0.0,0.0,28.000000000000004,0.0,6.25,0.0,0.0,0.0,0.0,1.75,4.5,0.0,[]
22,,Thu Oct 12 16:20:48 EDT 2023,SocialDistance.pl,1697142048499,10594,0,(I)16(R)6(I)1(R)2,68.0,0.0,0.0,0.0,32.0,0.0,2.5,0.0,0.0,0.0,0.0,0.8,1.7,0.0,[]
23,,Thu Oct 12 16:20:59 EDT 2023,SocialDistance.pl,1697142059291,9449,9449,(R)2(I)1(R)2(I)19,83.33333333333334,0.0,0.0,0.0,16.666666666666664,0.0,2.6666666666666665,0.0,0.0,0.0,0.0,0.4444444444444444,2.2222222222222223,0.0,[]
24,,Thu Oct 12 16:21:13 EDT 2023,SocialDistance.pl,1697142073091,6320,6320,(R)1(I)4(R)1(I)6(R)1(I)2(R)2(I)8,80.0,0.0,0.0,0.0,20.0,0.0,4.166666666666667,0.0,0.0,0.0,0.0,0.8333333333333334,3.3333333333333335,0.0,[]
25,,Thu Oct 12 16:21:13 EDT 2023,SocialDistance.pl,1697142073241,12092,0,(I)1(R)1(I)1(R)1(I)1(R)1(I)3(R)1(I)2(R)10(I)3,44.0,0.0,0.0,0.0,56.00000000000001,0.0,2.0833333333333335,0.0,0.0,0.0,0.0,1.1666666666666667,0.9166666666666666,0.0,[]
26,,Thu Oct 12 16:21:25 EDT 2023,SocialDistance.pl,1697142085856,14392,0,(I)7(R)1(I)1(R)1(I)1(R)1(I)2(R)2(I)9,80.0,0.0,0.0,0.0,20.0,0.0,1.7857142857142858,0.0,0.0,0.0,0.0,0.35714285714285715,1.4285714285714286,0.0,[]
27,,Thu Oct 12 16:21:40 EDT 2023,SocialDistance.pl,1697142100326,23918,0,(I)4(R)1(I)2(R)1(I)17,92.0,0.0,0.0,0.0,8.0,0.0,1.0869565217391304,0.0,0.0,0.0,0.0,0.08695652173913043,1.0,0.0,[]
28,,Thu Oct 12 16:22:04 EDT 2023,SocialDistance.pl,1697142124367,13012,0,(I)13(R)1(I)6(R)1(I)2(R)1(I)1,88.0,0.0,0.0,0.0,12.0,0.0,1.9230769230769231,0.0,0.0,0.0,0.0,0.23076923076923078,1.6923076923076923,0.0,[]
29,,Thu Oct 12 16:22:17 EDT 2023,SocialDistance.pl,1697142137744,2757,2757,(R)1(I)16(R)1(I)1(R)1(I)1(R)1(I)1(R)1(I)1,80.0,0.0,0.0,0.0,20.0,0.0,12.5,0.0,0.0,0.0,0.0,2.5,10.0,0.0,[]
30,,Thu Oct 12 16:22:20 EDT 2023,SocialDistance.pl,1697142140569,9019,9019,(I)11(R)5(I)7(R)2,72.0,0.0,0.0,0.0,28.000000000000004,0.0,2.7777777777777777,0.0,0.0,0.0,0.0,0.7777777777777778,2.0,0.0,[]
31,,Thu Oct 12 16:22:29 EDT 2023,SocialDistance.pl,1697142149738,3922,3922,(R)3(I)6(R)5(I)6(R)4(I)1,52.0,0.0,0.0,0.0,48.0,0.0,8.333333333333334,0.0,0.0,0.0,0.0,4.0,4.333333333333333,0.0,[]
32,,Thu Oct 12 16:22:33 EDT 2023,SocialDistance.pl,1697142153753,-15912,-15912,(I)4(R)5(I)16,80.0,0.0,0.0,0.0,20.0,0.0,0.0,0.0,0.0,0.0,0.0,null,0.0,0.0,[]
33,,Thu Oct 12 16:22:24 EDT 2023,SocialDistance.pl,1697142144803,29989,0,(I)1(R)1(I)1(R)1(I)1(R)1(I)1(R)1(I)1(R)1(I)4(R)4(I)7,64.0,0.0,0.0,0.0,36.0,0.0,0.8620689655172413,0.0,0.0,0.0,0.0,0.3103448275862069,0.5517241379310345,0.0,[]
34,,Thu Oct 12 16:22:55 EDT 2023,SocialDistance.pl,1697142175305,11247,0,(I)8(R)2(I)13(R)1(I)1,88.0,0.0,0.0,0.0,12.0,0.0,2.272727272727273,0.0,0.0,0.0,0.0,0.2727272727272727,2.0,0.0,[]
35,,Thu Oct 12 16:23:06 EDT 2023,SocialDistance.pl,1697142186793,19820,0,(I)23,100.0,0.0,0.0,0.0,0.0,0.0,1.2105263157894737,0.0,0.0,0.0,0.0,0.0,1.2105263157894737,0.0,[]
36,,Thu Oct 12 16:23:26 EDT 2023,SocialDistance.pl,1697142206739,4780,4780,(I)7(R)1(I)5(R)1(I)3(R)1(I)1(R)1(I)2(R)3,72.0,0.0,0.0,0.0,28.000000000000004,0.0,6.25,0.0,0.0,0.0,0.0,1.75,4.5,0.0,[]
37,,Thu Oct 12 16:23:31 EDT 2023,SocialDistance.pl,1697142211677,9869,9869,(R)3(I)2(R)2(I)17,79.16666666666666,0.0,0.0,0.0,20.833333333333336,0.0,2.6666666666666665,0.0,0.0,0.0,0.0,0.5555555555555556,2.111111111111111,0.0,[]
38,,Thu Oct 12 16:23:37 EDT 2023,SocialDistance.pl,1697142217893,22800,0,(I)11(R)4(I)2(R)1(I)2(R)1(I)1(R)1(I)1,70.83333333333334,0.0,0.0,0.0,29.166666666666668,0.0,1.0909090909090908,0.0,0.0,0.0,0.0,0.3181818181818182,0.7727272727272727,0.0,[]
39,,Thu Oct 12 16:24:00 EDT 2023,SocialDistance.pl,1697142240823,101125,0,(R)1(I)5(R)2(I)4(F)2(I)1(F)3(I)1(F)1,55.00000000000001,0.0,0.0,30.0,15.0,0.0,0.19801980198019803,0.0,0.0,0.0594059405940594,0.0,0.0297029702970297,0.10891089108910891,0.0,[]
40,,Thu Oct 12 16:25:42 EDT 2023,SocialDistance.pl,1697142342718,29567,0,(F)2(I)1(R)2(I)2(R)2(I)4(F)2(I)1(F)2(I)5,56.52173913043478,0.0,0.0,26.08695652173913,17.391304347826086,0.0,0.7931034482758621,0.0,0.0,0.20689655172413793,0.0,0.13793103448275862,0.4482758620689655,0.0,[]
41,,Thu Oct 12 16:26:12 EDT 2023,SocialDistance.pl,1697142372664,17128,0,(I)17(F)1(N)1(F)1(I)5,88.0,0.0,4.0,8.0,0.0,0.0,1.4705882352941178,0.058823529411764705,0.0,0.11764705882352941,0.0,0.0,1.2941176470588236,0.0,[]
42,,Thu Oct 12 16:26:30 EDT 2023,SocialDistance.pl,1697142390447,2215,2215,(I)24,100.0,0.0,0.0,0.0,0.0,0.0,12.0,0.0,0.0,0.0,0.0,0.0,12.0,0.0,[]
43,,Thu Oct 12 16:26:50 EDT 2023,SocialDistance.pl,1697142410463,21621,0,(R)1(I)2(R)1(I)1(R)1(I)2(R)1(I)2(R)1(I)12,79.16666666666666,0.0,0.0,0.0,20.833333333333336,0.0,1.1428571428571428,0.0,0.0,0.0,0.0,0.23809523809523808,0.9047619047619048,0.0,[]
44,,Thu Oct 12 16:27:12 EDT 2023,SocialDistance.pl,1697142432876,34111,0,(I)8(F)3(R)1(I)1(R)1(I)1(R)1(I)1(F)1(R)1(I)5,66.66666666666666,0.0,0.0,16.666666666666664,16.666666666666664,0.0,0.7058823529411765,0.0,0.0,0.11764705882352941,0.0,0.11764705882352941,0.47058823529411764,0.0,[]
45,,Thu Oct 12 16:27:47 EDT 2023,SocialDistance.pl,1697142467665,65177,0,(I)5(R)2(I)3(R)1(I)11(F)2,79.16666666666666,0.0,0.0,8.333333333333332,12.5,0.0,0.36923076923076925,0.0,0.0,0.03076923076923077,0.0,0.046153846153846156,0.2923076923076923,0.0,[]
46,,Thu Oct 12 16:28:52 EDT 2023,SocialDistance.pl,1697142532963,26275,0,(I)2(R I)1(I)1(R)2(I)3(R)1(I)9(R I)1(I)5,88.0,0.0,0.0,0.0,20.0,0.0,0.9615384615384616,0.0,0.0,0.0,0.0,0.19230769230769232,0.8461538461538461,0.0,[]
47,,Thu Oct 12 16:29:19 EDT 2023,SocialDistance.pl,1697142559690,-23179,-23179,(I)18(R)2(I)1(R)2(I)1(R)1,80.0,0.0,0.0,0.0,20.0,0.0,0.0,0.0,0.0,0.0,0.0,null,0.0,0.0,[]
48,,Thu Oct 12 16:28:59 EDT 2023,SocialDistance.pl,1697142539116,62589,0,(R)4(I)5(R)2(I)2(R)2(I)2(R)1(I)5(R)1(I)1,60.0,0.0,0.0,0.0,40.0,0.0,0.4032258064516129,0.0,0.0,0.0,0.0,0.16129032258064516,0.24193548387096775,0.0,[]
49,,Thu Oct 12 16:30:01 EDT 2023,SocialDistance.pl,1697142601838,29263,0,(R)1(I)2(R)1(I)6(R)1(I)2(R)1(F)2(I)6(F)2(I)1,68.0,0.0,0.0,16.0,16.0,0.0,0.8620689655172413,0.0,0.0,0.13793103448275862,0.0,0.13793103448275862,0.5862068965517241,0.0,[]
50,,Thu Oct 12 16:30:35 EDT 2023,SocialDistance.pl,1697142635332,-31651,-31651,(I)12(F)2(I)6(F)1(R)4,72.0,0.0,0.0,12.0,16.0,0.0,0.0,0.0,0.0,0.0,0.0,null,0.0,0.0,[]
51,,Thu Oct 12 16:30:05 EDT 2023,SocialDistance.pl,1697142605725,148643,0,(I)3(R)1(I)1(R)1(I)4(R)1(F)1(I)4(R)1(I)1(R)1(I)1(R)2(I)1(R)1(I)1,64.0,0.0,0.0,4.0,32.0,0.0,0.16891891891891891,0.0,0.0,0.006756756756756757,0.0,0.05405405405405406,0.10810810810810811,0.0,[]
52,,Thu Oct 12 16:32:35 EDT 2023,SocialDistance.pl,1697142755766,7998,7998,(I)6(R)3(I)6(R)2(I)3(R)2(I)3,72.0,0.0,0.0,0.0,28.000000000000004,0.0,3.5714285714285716,0.0,0.0,0.0,0.0,1.0,2.5714285714285716,0.0,[]
53,,Thu Oct 12 16:32:43 EDT 2023,SocialDistance.pl,1697142763931,9111,9111,(I)2(F)1(I)2(R)1(I)1(R)1(I)1(R)1(I)1(F)1(I)13,80.0,0.0,0.0,8.0,12.0,0.0,2.7777777777777777,0.0,0.0,0.2222222222222222,0.0,0.3333333333333333,2.2222222222222223,0.0,[]
54,,Thu Oct 12 16:33:00 EDT 2023,SocialDistance.pl,1697142780121,33048,0,(F)2(I)18(F)1(I)2(F)1(I)1,84.0,0.0,0.0,16.0,0.0,0.0,0.7575757575757576,0.0,0.0,0.12121212121212122,0.0,0.0,0.6363636363636364,0.0,[]
55,,Thu Oct 12 16:33:34 EDT 2023,SocialDistance.pl,1697142814034,4816,4816,(I)9(R)8(I)8,68.0,0.0,0.0,0.0,32.0,0.0,6.25,0.0,0.0,0.0,0.0,2.0,4.25,0.0,[]
56,,Thu Oct 12 16:33:39 EDT 2023,SocialDistance.pl,1697142819013,7573,7573,(I)25,100.0,0.0,0.0,0.0,0.0,0.0,3.5714285714285716,0.0,0.0,0.0,0.0,0.0,3.5714285714285716,0.0,[]
57,,Thu Oct 12 16:33:46 EDT 2023,SocialDistance.pl,1697142826998,51162,0,(I)9(R)3(I)4(R)1(I)2(R)1(I)5,80.0,0.0,0.0,0.0,20.0,0.0,0.49019607843137253,0.0,0.0,0.0,0.0,0.09803921568627451,0.39215686274509803,0.0,[]
58,,Thu Oct 12 16:34:38 EDT 2023,SocialDistance.pl,1697142878245,11752,0,(I)25,100.0,0.0,0.0,0.0,0.0,0.0,2.272727272727273,0.0,0.0,0.0,0.0,0.0,2.272727272727273,0.0,[]
59,,Thu Oct 12 16:34:50 EDT 2023,SocialDistance.pl,1697142890242,-2,-2,(I)20(R)3(I)2,88.0,0.0,0.0,0.0,12.0,0.0,0.0,0.0,0.0,0.0,0.0,null,0.0,0.0,[]
60,,Thu Oct 12 16:34:50 EDT 2023,SocialDistance.pl,1697142890396,14364,0,(I)2(R)1(I)11(R)4(I)7,80.0,0.0,0.0,0.0,20.0,0.0,1.7857142857142858,0.0,0.0,0.0,0.0,0.35714285714285715,1.4285714285714286,0.0,[]
61,,Thu Oct 12 16:35:04 EDT 2023,SocialDistance.pl,1697142904895,14572,0,(I)5(R)1(I)3(R)2(I)8(R)1(I)2,81.81818181818183,0.0,0.0,0.0,18.181818181818183,0.0,1.5714285714285714,0.0,0.0,0.0,0.0,0.2857142857142857,1.2857142857142858,0.0,[]
62,,Thu Oct 12 16:35:23 EDT 2023,SocialDistance.pl,1697142923198,199251,0,(F)2(I)1(D)1(F)2(I)1(F)2(I)3(F)4(I)7,52.17391304347826,4.3478260869565215,0.0,43.47826086956522,0.0,0.0,0.11557788944723618,0.0,0.005025125628140704,0.05025125628140704,0.0,0.0,0.06030150753768844,0.0,[]
63,,Thu Oct 12 16:38:42 EDT 2023,SocialDistance.pl,1697143122735,-213666,-213666,(I)22(R)1(I)1(R)1,92.0,0.0,0.0,0.0,8.0,0.0,0.0,0.0,0.0,0.0,0.0,null,0.0,0.0,[]
64,,Thu Oct 12 16:35:09 EDT 2023,SocialDistance.pl,1697142909735,264383,0,(I)2(R)1(I)10(F)2(I)10,88.0,0.0,0.0,8.0,4.0,0.0,0.0946969696969697,0.0,0.0,0.007575757575757576,0.0,0.003787878787878788,0.08333333333333333,0.0,[]
65,,Thu Oct 12 16:39:34 EDT 2023,SocialDistance.pl,1697143174254,19690,0,(I)11(F)4(I)9,83.33333333333334,0.0,0.0,16.666666666666664,0.0,0.0,1.263157894736842,0.0,0.0,0.21052631578947367,0.0,0.0,1.0526315789473684,0.0,[]
66,,Thu Oct 12 16:39:54 EDT 2023,SocialDistance.pl,1697143194070,6829,6829,(I)23(F)2,92.0,0.0,0.0,8.0,0.0,0.0,4.166666666666667,0.0,0.0,0.3333333333333333,0.0,0.0,3.8333333333333335,0.0,[]
67,,Thu Oct 12 16:40:01 EDT 2023,SocialDistance.pl,1697143201274,37804,0,(F)2(I)1(F)4(I)1(D)1(I)2(R)1(I)2,42.857142857142854,7.142857142857142,0.0,42.857142857142854,7.142857142857142,0.0,0.3783783783783784,0.0,0.02702702702702703,0.16216216216216217,0.0,0.02702702702702703,0.16216216216216217,0.0,[]
68,,Thu Oct 12 16:40:39 EDT 2023,SocialDistance.pl,1697143239787,34683,0,(I)5(R)1(I)8,92.85714285714286,0.0,0.0,0.0,7.142857142857142,0.0,0.4117647058823529,0.0,0.0,0.0,0.0,0.029411764705882353,0.38235294117647056,0.0,[]
69,,Thu Oct 12 16:41:14 EDT 2023,SocialDistance.pl,1697143274954,137582,0,(I)2(F)6(I)1(F)1(I)2(R)1(F)1(I)4(R)1(F)2(I)4,52.0,0.0,0.0,40.0,8.0,0.0,0.18248175182481752,0.0,0.0,0.072992700729927,0.0,0.014598540145985401,0.0948905109489051,0.0,[]
70,,Thu Oct 12 16:43:32 EDT 2023,SocialDistance.pl,1697143412957,7896,7896,(R)2(I)21(F)2,84.0,0.0,0.0,8.0,8.0,0.0,3.5714285714285716,0.0,0.0,0.2857142857142857,0.0,0.2857142857142857,3.0,0.0,[]
71,,Thu Oct 12 16:43:41 EDT 2023,SocialDistance.pl,1697143421223,-8268,-8268,(F)2(I)1(F)2(I)5(F)2(I)8(R)1,66.66666666666666,0.0,0.0,28.57142857142857,4.761904761904762,0.0,0.0,0.0,0.0,0.0,0.0,null,0.0,0.0,[]
72,,Thu Oct 12 16:43:33 EDT 2023,SocialDistance.pl,1697143413324,92091,0,(I)3(R)1(I)1(R)1(I)2(R)3(I)3(R)4(I)6,62.5,0.0,0.0,0.0,37.5,0.0,0.2608695652173913,0.0,0.0,0.0,0.0,0.09782608695652174,0.16304347826086957,0.0,[]
73,,Thu Oct 12 16:45:05 EDT 2023,SocialDistance.pl,1697143505695,7296,7296,(I)25,100.0,0.0,0.0,0.0,0.0,0.0,3.5714285714285716,0.0,0.0,0.0,0.0,0.0,3.5714285714285716,0.0,[]
74,,Thu Oct 12 16:45:13 EDT 2023,SocialDistance.pl,1697143513154,36451,0,(I)11(R)4(I)1(R)4(I)5,68.0,0.0,0.0,0.0,32.0,0.0,0.6944444444444444,0.0,0.0,0.0,0.0,0.2222222222222222,0.4722222222222222,0.0,[]
75,,Thu Oct 12 16:45:50 EDT 2023,SocialDistance.pl,1697143550124,55050,0,(I)1(R)1(F)2(I)2(R)2(I)1(R)3(I)1(R)3(I)1(R)1,33.33333333333333,0.0,0.0,11.11111111111111,55.55555555555556,0.0,0.32727272727272727,0.0,0.0,0.03636363636363636,0.0,0.18181818181818182,0.10909090909090909,0.0,[]
76,,Thu Oct 12 16:46:45 EDT 2023,SocialDistance.pl,1697143605630,9791,9791,(I)13(R)2(I)10,92.0,0.0,0.0,0.0,8.0,0.0,2.7777777777777777,0.0,0.0,0.0,0.0,0.2222222222222222,2.5555555555555554,0.0,[]
77,,Thu Oct 12 16:46:55 EDT 2023,SocialDistance.pl,1697143615451,13013,0,(I)23,100.0,0.0,0.0,0.0,0.0,0.0,1.7692307692307692,0.0,0.0,0.0,0.0,0.0,1.7692307692307692,0.0,[]
78,,Thu Oct 12 16:47:08 EDT 2023,SocialDistance.pl,1697143628551,23258,0,(I)14(R)1(I)3(R)1(I)3(R)3,80.0,0.0,0.0,0.0,20.0,0.0,1.0869565217391304,0.0,0.0,0.0,0.0,0.21739130434782608,0.8695652173913043,0.0,[]
79,,Thu Oct 12 16:47:33 EDT 2023,SocialDistance.pl,1697143653156,35664,0,(R)1(I)1(R)1(I)1(R)1(I)1(R)3(I)5(D)1(F)2(I)3,55.00000000000001,5.0,0.0,10.0,30.0,0.0,0.5714285714285714,0.0,0.02857142857142857,0.05714285714285714,0.0,0.17142857142857143,0.3142857142857143,0.0,[]
80,,Thu Oct 12 16:48:09 EDT 2023,SocialDistance.pl,1697143689298,45441,0,(I)4(R)2(I)6(F)2(I)1(R)1(I)1(R)1(I)2,70.0,0.0,0.0,10.0,20.0,0.0,0.4444444444444444,0.0,0.0,0.044444444444444446,0.0,0.08888888888888889,0.3111111111111111,0.0,[]
81,,Thu Oct 12 16:48:56 EDT 2023,SocialDistance.pl,1697143736574,7600,7600,(R)2(I)9(R)1(I)4(R)2(I)7,80.0,0.0,0.0,0.0,20.0,0.0,3.5714285714285716,0.0,0.0,0.0,0.0,0.7142857142857143,2.857142857142857,0.0,[]
82,,Thu Oct 12 16:49:04 EDT 2023,SocialDistance.pl,1697143744919,339535,0,(I)4(F)2(I)1(F)2(I)1(F)10,30.0,0.0,0.0,70.0,0.0,0.0,0.058997050147492625,0.0,0.0,0.04129793510324484,0.0,0.0,0.017699115044247787,0.0,[]
83,,Thu Oct 12 16:54:44 EDT 2023,SocialDistance.pl,1697144084681,-341544,-341544,(F)4(I)3(F)2(I)2(F)2(I)1(F)1(I)1(R)1(I)2(R)1(I)1,47.61904761904761,0.0,0.0,42.857142857142854,9.523809523809524,0.0,0.0,0.0,0.0,0.0,0.0,null,0.0,0.0,[]
84,,Thu Oct 12 16:56:15 EDT 2023,SocialDistance.pl,1697144175256,34671,0,(I)1(F)1(I)1(R)2(I)5(R)2(I)13,80.0,0.0,0.0,4.0,16.0,0.0,0.7352941176470589,0.0,0.0,0.029411764705882353,0.0,0.11764705882352941,0.5882352941176471,0.0,[]
85,,Thu Oct 12 16:56:50 EDT 2023,SocialDistance.pl,1697144210547,33989,0,(I)1(F)2(I)1(F)4(I)1(F)2(I)2(F)2(I)3,44.44444444444444,0.0,0.0,55.55555555555556,0.0,0.0,0.5454545454545454,0.0,0.0,0.30303030303030304,0.0,0.0,0.24242424242424243,0.0,[]
86,,Thu Oct 12 16:57:25 EDT 2023,SocialDistance.pl,1697144245547,19359,0,(I)4(F)2(I)15(F)2(I)2,84.0,0.0,0.0,16.0,0.0,0.0,1.3157894736842106,0.0,0.0,0.21052631578947367,0.0,0.0,1.105263157894737,0.0,[]
87,,Thu Oct 12 16:57:45 EDT 2023,SocialDistance.pl,1697144265478,16986,0,(I)25,100.0,0.0,0.0,0.0,0.0,0.0,1.5625,0.0,0.0,0.0,0.0,0.0,1.5625,0.0,[]
88,,Thu Oct 12 16:58:02 EDT 2023,SocialDistance.pl,1697144282637,58600,0,(I)16(F)1(I)2(F)1(I)1(R)2(I)1,83.33333333333334,0.0,0.0,8.333333333333332,8.333333333333332,0.0,0.41379310344827586,0.0,0.0,0.034482758620689655,0.0,0.034482758620689655,0.3448275862068966,0.0,[]
89,,Thu Oct 12 16:59:03 EDT 2023,SocialDistance.pl,1697144343868,20084,0,(I)20(R)4,83.33333333333334,0.0,0.0,0.0,16.666666666666664,0.0,1.2,0.0,0.0,0.0,0.0,0.2,1.0,0.0,[]
90,,Thu Oct 12 16:59:24 EDT 2023,SocialDistance.pl,1697144364302,229308,0,(R)3(I)20,86.95652173913044,0.0,0.0,0.0,13.043478260869565,0.0,0.10043668122270742,0.0,0.0,0.0,0.0,0.013100436681222707,0.08733624454148471,0.0,[]
91,,Thu Oct 12 17:03:14 EDT 2023,SocialDistance.pl,1697144594016,33484,0,(I)3(F)2(I)1(R)5(I)2(R)4(I)1(R)1(F)2(I)1,36.36363636363637,0.0,0.0,18.181818181818183,45.45454545454545,0.0,0.6666666666666666,0.0,0.0,0.12121212121212122,0.0,0.30303030303030304,0.24242424242424243,0.0,[]
92,,Thu Oct 12 17:03:47 EDT 2023,SocialDistance.pl,1697144627500,48239,0,(D)1(F)4,0.0,20.0,0.0,80.0,0.0,0.0,0.10416666666666667,0.0,0.020833333333333332,0.08333333333333333,0.0,0.0,0.0,0.0,[]
93,,Thu Oct 12 17:04:35 EDT 2023,SocialDistance.pl,1697144675764,119666,0,(D)5(F)2(I)1,12.5,62.5,0.0,25.0,0.0,0.0,0.06722689075630252,0.0,0.04201680672268908,0.01680672268907563,0.0,0.0,0.008403361344537815,0.0,[]
94,,Thu Oct 12 17:06:39 EDT 2023,SocialDistance.pl,1697144799544,35347,0,(F)2(I)1(F)2(I)1(F)4(I)1(F)2(I)2,33.33333333333333,0.0,0.0,66.66666666666666,0.0,0.0,0.42857142857142855,0.0,0.0,0.2857142857142857,0.0,0.0,0.14285714285714285,0.0,[]
95,,Thu Oct 12 17:07:16 EDT 2023,SocialDistance.pl,1697144836339,41640,0,(I)2(F)2(I)2(R)1(I)10(F)4(I)1,68.18181818181817,0.0,0.0,27.27272727272727,4.545454545454546,0.0,0.5365853658536586,0.0,0.0,0.14634146341463414,0.0,0.024390243902439025,0.36585365853658536,0.0,[]
96,,Thu Oct 12 17:08:13 EDT 2023,SocialDistance.pl,1697144893511,41743,0,(F)4(I)2(R)1(I)2(R)1(I)3(R)1(I)4(R)1(I)3,63.63636363636363,0.0,0.0,18.181818181818183,18.181818181818183,0.0,0.5365853658536586,0.0,0.0,0.0975609756097561,0.0,0.0975609756097561,0.34146341463414637,0.0,[]
97,,Thu Oct 12 17:08:55 EDT 2023,SocialDistance.pl,1697144935512,163287,0,(I)1(F)4(I)2(F)2(I)2(F)2(I)4(F)2(I)2,52.38095238095239,0.0,0.0,47.61904761904761,0.0,0.0,0.12883435582822086,0.0,0.0,0.06134969325153374,0.0,0.0,0.06748466257668712,0.0,[]
98,,Thu Oct 12 17:11:39 EDT 2023,SocialDistance.pl,1697145099075,-183296,-183296,(F)4(I)1(F)2(I)9(F)1(R)1(I)1(R)1(I)1(R)1(I)1,56.52173913043478,0.0,0.0,30.434782608695656,13.043478260869565,0.0,0.0,0.0,0.0,0.0,0.0,null,0.0,0.0,[]
99,,Thu Oct 12 17:08:38 EDT 2023,SocialDistance.pl,1697144918783,231924,0,(R)1(I)1(R)1(I)1(R)1(I)2(F)1(I)16,83.33333333333334,0.0,0.0,4.166666666666666,12.5,0.0,0.1038961038961039,0.0,0.0,0.004329004329004329,0.0,0.012987012987012988,0.08658008658008658,0.0,[]
100,,Thu Oct 12 17:12:31 EDT 2023,SocialDistance.pl,1697145151837,12391,0,(I)13(F)2(I)3(R)1(I)3(R)1(I)2,84.0,0.0,0.0,8.0,8.0,0.0,2.0833333333333335,0.0,0.0,0.16666666666666666,0.0,0.16666666666666666,1.75,0.0,[]
101,,Thu Oct 12 17:12:44 EDT 2023,SocialDistance.pl,1697145164564,24648,0,(I)1(F)4(I)1(F)2(I)1(D)1(I)1(R)2(I)2(R)2(I)2(F)1,40.0,5.0,0.0,35.0,20.0,0.0,0.8333333333333334,0.0,0.041666666666666664,0.2916666666666667,0.0,0.16666666666666666,0.3333333333333333,0.0,[]
102,,Thu Oct 12 17:13:58 EDT 2023,SocialDistance.pl,1697145238998,8747,8747,(F)1(I)2(R)1(I)8(R)7(I)6,64.0,0.0,0.0,4.0,32.0,0.0,3.125,0.0,0.0,0.125,0.0,1.0,2.0,0.0,[]
103,,Thu Oct 12 17:14:07 EDT 2023,SocialDistance.pl,1697145247988,33138,0,(I)2(F)2(I)4(D)1(I)1(F)4(I)1,53.333333333333336,6.666666666666667,0.0,40.0,0.0,0.0,0.45454545454545453,0.0,0.030303030303030304,0.18181818181818182,0.0,0.0,0.24242424242424243,0.0,[]
104,,Thu Oct 12 17:14:46 EDT 2023,SocialDistance.pl,1697145286687,37633,0,(I)1(D)1(F)1,33.33333333333333,33.33333333333333,0.0,33.33333333333333,0.0,0.0,0.08108108108108109,0.0,0.02702702702702703,0.02702702702702703,0.0,0.0,0.02702702702702703,0.0,[]
105,,Thu Oct 12 17:15:24 EDT 2023,SocialDistance.pl,1697145324342,119425,0,(D)4(F)1(I)2,28.57142857142857,57.14285714285714,0.0,14.285714285714285,0.0,0.0,0.058823529411764705,0.0,0.03361344537815126,0.008403361344537815,0.0,0.0,0.01680672268907563,0.0,[]
106,,Thu Oct 12 17:17:24 EDT 2023,SocialDistance.pl,1697145444193,-202092,-202092,(I)5(R)1(I)8(R)1(I)1(R)1(I)1(R)1(I)1(R)1(I)1(R)1(I)1,75.0,0.0,0.0,0.0,25.0,0.0,0.0,0.0,0.0,0.0,0.0,null,0.0,0.0,[]
107,,Thu Oct 12 17:14:04 EDT 2023,SocialDistance.pl,1697145244141,223077,0,(R)1(I)2(R)1(I)5(R)2(I)10(F)1,77.27272727272727,0.0,0.0,4.545454545454546,18.181818181818183,0.0,0.09865470852017937,0.0,0.0,0.004484304932735426,0.0,0.017937219730941704,0.07623318385650224,0.0,[]
108,,Thu Oct 12 17:17:47 EDT 2023,SocialDistance.pl,1697145467617,23171,0,(F)3(I)1(F)2(I)1(F)2(I)1(R)5(I)2(R)1(I)3,38.095238095238095,0.0,0.0,33.33333333333333,28.57142857142857,0.0,0.9130434782608695,0.0,0.0,0.30434782608695654,0.0,0.2608695652173913,0.34782608695652173,0.0,[]
109,,Thu Oct 12 17:18:11 EDT 2023,SocialDistance.pl,1697145491230,897135,0,(I)5(F)2(I)1(F)6(I)4(F)4(I)1(F)2,44.0,0.0,0.0,56.00000000000001,0.0,0.0,0.027870680044593088,0.0,0.0,0.01560758082497213,0.0,0.0,0.012263099219620958,0.0,[]
110,,Thu Oct 12 17:33:08 EDT 2023,SocialDistance.pl,1697146388445,30268,0,(I)3(R)2(I)20,92.0,0.0,0.0,0.0,8.0,0.0,0.8333333333333334,0.0,0.0,0.0,0.0,0.06666666666666667,0.7666666666666667,0.0,[]
111,,Thu Oct 12 17:33:39 EDT 2023,SocialDistance.pl,1697146419200,18365,0,(I)10(R)3(I)12,88.0,0.0,0.0,0.0,12.0,0.0,1.3888888888888888,0.0,0.0,0.0,0.0,0.16666666666666666,1.2222222222222223,0.0,[]
112,,Thu Oct 12 17:33:57 EDT 2023,SocialDistance.pl,1697146437676,8133,8133,(I)25,100.0,0.0,0.0,0.0,0.0,0.0,3.125,0.0,0.0,0.0,0.0,0.0,3.125,0.0,[]
113,,Thu Oct 12 17:34:06 EDT 2023,SocialDistance.pl,1697146446050,6787,6787,(I)9(R)1(I)1(R)1(I)3(R)1(I)1(R)1(I)7,84.0,0.0,0.0,0.0,16.0,0.0,4.166666666666667,0.0,0.0,0.0,0.0,0.6666666666666666,3.5,0.0,[]
114,,Thu Oct 12 17:34:13 EDT 2023,SocialDistance.pl,1697146453014,4068,4068,(I)15(R)5(I)4(R)1,76.0,0.0,0.0,0.0,24.0,0.0,6.25,0.0,0.0,0.0,0.0,1.5,4.75,0.0,[]
115,,Thu Oct 12 17:34:17 EDT 2023,SocialDistance.pl,1697146457084,3956,3956,(R)2(I)16(R)4(I)3,76.0,0.0,0.0,0.0,24.0,0.0,8.333333333333334,0.0,0.0,0.0,0.0,2.0,6.333333333333333,0.0,[]
116,,Thu Oct 12 17:34:21 EDT 2023,SocialDistance.pl,1697146461162,37097,0,(I)1(R)2(I)3(R)1(I)7(D)1(F)1,68.75,6.25,0.0,6.25,18.75,0.0,0.43243243243243246,0.0,0.02702702702702703,0.02702702702702703,0.0,0.08108108108108109,0.2972972972972973,0.0,[]
117,,Wed Dec 31 19:00:00 EST 1969,SocialDistance.pl,0,-1,0,,0.0,0.0,0.0,0.0,0.0,0.0,0.0,0.0,0.0,0.0,0.0,null,0.0,0.0,[]
118,,Thu Oct 12 17:34:59 EDT 2023,SocialDistance.pl,1697146499376,4701,4701,(D)1,0.0,100.0,0.0,0.0,0.0,0.0,0.25,0.0,0.25,0.0,0.0,0.0,0.0,0.0,[]
119,,Thu Oct 12 17:35:08 EDT 2023,SocialDistance.pl,1697146508306,2798,2798,(D)1,0.0,100.0,0.0,0.0,0.0,0.0,0.5,0.0,0.5,0.0,0.0,0.0,0.0,0.0,[]
120,,Thu Oct 12 17:35:11 EDT 2023,SocialDistance.pl,1697146511129,565,565,(D)9,0.0,100.0,0.0,0.0,0.0,0.0,0.0,0.0,0.0,0.0,0.0,null,0.0,0.0,[]
121,,Wed Dec 31 19:00:00 EST 1969,SocialDistance.pl,0,-1,0,,0.0,0.0,0.0,0.0,0.0,0.0,0.0,0.0,0.0,0.0,0.0,null,0.0,0.0,[]
122,,Thu Oct 12 17:35:14 EDT 2023,SocialDistance.pl,1697146514869,2182,2182,(D)2,0.0,100.0,0.0,0.0,0.0,0.0,1.0,0.0,1.0,0.0,0.0,0.0,0.0,0.0,[]
123,,Thu Oct 12 17:35:17 EDT 2023,SocialDistance.pl,1697146517056,601,601,(D)3,0.0,100.0,0.0,0.0,0.0,0.0,0.0,0.0,0.0,0.0,0.0,null,0.0,0.0,[]
124,,Thu Oct 12 17:35:17 EDT 2023,SocialDistance.pl,1697146517681,1908,1908,(D)4,0.0,100.0,0.0,0.0,0.0,0.0,4.0,0.0,4.0,0.0,0.0,0.0,0.0,0.0,[]
125,,Thu Oct 12 17:35:19 EDT 2023,SocialDistance.pl,1697146519613,641,641,(D)4,0.0,100.0,0.0,0.0,0.0,0.0,0.0,0.0,0.0,0.0,0.0,null,0.0,0.0,[]
126,,Wed Dec 31 19:00:00 EST 1969,SocialDistance.pl,0,-1,0,,0.0,0.0,0.0,0.0,0.0,0.0,0.0,0.0,0.0,0.0,0.0,null,0.0,0.0,[]
127,,Wed Dec 31 19:00:00 EST 1969,SocialDistance.pl,0,-1,0,,0.0,0.0,0.0,0.0,0.0,0.0,0.0,0.0,0.0,0.0,0.0,null,0.0,0.0,[]
128,,Thu Oct 12 17:35:24 EDT 2023,SocialDistance.pl,1697146524865,603,603,(D)3,0.0,100.0,0.0,0.0,0.0,0.0,0.0,0.0,0.0,0.0,0.0,null,0.0,0.0,[]
129,,Wed Dec 31 19:00:00 EST 1969,SocialDistance.pl,0,-1,0,,0.0,0.0,0.0,0.0,0.0,0.0,0.0,0.0,0.0,0.0,0.0,null,0.0,0.0,[]
130,,Wed Dec 31 19:00:00 EST 1969,SocialDistance.pl,0,-1,0,,0.0,0.0,0.0,0.0,0.0,0.0,0.0,0.0,0.0,0.0,0.0,null,0.0,0.0,[]
131,,Wed Dec 31 19:00:00 EST 1969,SocialDistance.pl,0,-1,0,,0.0,0.0,0.0,0.0,0.0,0.0,0.0,0.0,0.0,0.0,0.0,null,0.0,0.0,[]
132,,Thu Oct 12 17:35:30 EDT 2023,SocialDistance.pl,1697146530235,122364,0,(F)1(I)1(F)4(I)1(F)1(R)1(N)2(F)1(I)1,23.076923076923077,0.0,15.384615384615385,53.84615384615385,7.6923076923076925,0.0,0.10655737704918032,0.01639344262295082,0.0,0.05737704918032787,0.0,0.00819672131147541,0.02459016393442623,0.0,[]
133,,Thu Oct 12 17:37:32 EDT 2023,SocialDistance.pl,1697146652599,121631,0,(D)1(F)2(I)1(F)5,11.11111111111111,11.11111111111111,0.0,77.77777777777779,0.0,0.0,0.0743801652892562,0.0,0.008264462809917356,0.05785123966942149,0.0,0.0,0.008264462809917356,0.0,[]
134,,Thu Oct 12 17:39:36 EDT 2023,SocialDistance.pl,1697146776093,6729069,0,(F)3(I)11(F)4(D)1(F)1,55.00000000000001,5.0,0.0,40.0,0.0,0.0,0.002972209838014564,0.0,1.486104919007282E-4,0.0011888839352058255,0.0,0.0,0.00163471541090801,0.0,[]
135,,Thu Oct 12 19:31:50 EDT 2023,SocialDistance.pl,1697153510582,-6866916,-6866916,(F)3(I)4,57.14285714285714,0.0,0.0,42.857142857142854,0.0,0.0,0.0,0.0,0.0,0.0,0.0,null,0.0,0.0,[]
136,,Thu Oct 12 17:37:23 EDT 2023,SocialDistance.pl,1697146643691,7020349,0,(I)8(R)1(I)1(R)2(I)9,85.71428571428571,0.0,0.0,0.0,14.285714285714285,0.0,0.0029914529914529917,0.0,0.0,0.0,0.0,4.2735042735042735E-4,0.002564102564102564,0.0,[]
137,,Thu Oct 12 19:34:41 EDT 2023,SocialDistance.pl,1697153681790,22795,0,(I)2(F)1(N)1(F)1(I)19,87.5,0.0,4.166666666666666,8.333333333333332,0.0,0.0,1.0909090909090908,0.045454545454545456,0.0,0.09090909090909091,0.0,0.0,0.9545454545454546,0.0,[]
138,,Thu Oct 12 19:35:04 EDT 2023,SocialDistance.pl,1697153704608,86010,0,(I)2(F)1(N)1(F)1(I)2(F)4(I)1(D)1(F)1,35.714285714285715,7.142857142857142,7.142857142857142,50.0,0.0,0.0,0.16279069767441862,0.011627906976744186,0.011627906976744186,0.08139534883720931,0.0,0.0,0.05813953488372093,0.0,[]
139,,Thu Oct 12 19:36:30 EDT 2023,SocialDistance.pl,1697153790619,37984,0,(F)1(I)14,93.33333333333333,0.0,0.0,6.666666666666667,0.0,0.0,0.40540540540540543,0.0,0.0,0.02702702702702703,0.0,0.0,0.3783783783783784,0.0,[]
140,,Thu Oct 12 19:37:09 EDT 2023,SocialDistance.pl,1697153829740,27338,0,(I)8(F)2(D)1(F)2(I)5,72.22222222222221,5.555555555555555,0.0,22.22222222222222,0.0,0.0,0.6666666666666666,0.0,0.037037037037037035,0.14814814814814814,0.0,0.0,0.48148148148148145,0.0,[]
141,,Thu Oct 12 19:37:37 EDT 2023,SocialDistance.pl,1697153857360,46465,0,(I)2(F)6(I)3,45.45454545454545,0.0,0.0,54.54545454545454,0.0,0.0,0.2391304347826087,0.0,0.0,0.13043478260869565,0.0,0.0,0.10869565217391304,0.0,[]
142,,Thu Oct 12 19:38:23 EDT 2023,SocialDistance.pl,1697153903977,38391,0,(I)18(R)1(I)5(R)1,92.0,0.0,0.0,0.0,8.0,0.0,0.6578947368421053,0.0,0.0,0.0,0.0,0.05263157894736842,0.6052631578947368,0.0,[]
143,,Thu Oct 12 19:38:57 EDT 2023,SocialDistance.pl,1697153937421,18167,0,(R)4(I)12(F)1(N)5(F)1(I)2,56.00000000000001,0.0,20.0,8.0,16.0,0.0,1.3888888888888888,0.2777777777777778,0.0,0.1111111111111111,0.0,0.2222222222222222,0.7777777777777778,0.0,[]
144,,Thu Oct 12 19:39:15 EDT 2023,SocialDistance.pl,1697153955772,42269,0,(I)2(F)4(D)1(F)2,22.22222222222222,11.11111111111111,0.0,66.66666666666666,0.0,0.0,0.21428571428571427,0.0,0.023809523809523808,0.14285714285714285,0.0,0.0,0.047619047619047616,0.0,[]
145,,Thu Oct 12 19:39:58 EDT 2023,SocialDistance.pl,1697153998042,38654,0,(F)2(I)8(F)1(I)1(F)1(I)1(R)1(I)4,73.68421052631578,0.0,0.0,21.052631578947366,5.263157894736842,0.0,0.5,0.0,0.0,0.10526315789473684,0.0,0.02631578947368421,0.3684210526315789,0.0,[]
147,,Thu Oct 12 19:40:57 EDT 2023,SocialDistance.pl,1697154057720,33892,0,(I)2(D)2(F)2(I)1(F)5,25.0,16.666666666666664,0.0,58.333333333333336,0.0,0.0,0.36363636363636365,0.0,0.06060606060606061,0.21212121212121213,0.0,0.0,0.09090909090909091,0.0,[]
148,,Thu Oct 12 19:41:31 EDT 2023,SocialDistance.pl,1697154091613,8557,8557,(D)2,0.0,100.0,0.0,0.0,0.0,0.0,0.25,0.0,0.25,0.0,0.0,0.0,0.0,0.0,[]
149,,Thu Oct 12 19:41:40 EDT 2023,SocialDistance.pl,1697154100193,537,537,(D)2,0.0,100.0,0.0,0.0,0.0,0.0,0.0,0.0,0.0,0.0,0.0,null,0.0,0.0,[]
150,,Thu Oct 12 19:41:40 EDT 2023,SocialDistance.pl,1697154100751,1411,1411,(D)2,0.0,100.0,0.0,0.0,0.0,0.0,2.0,0.0,2.0,0.0,0.0,0.0,0.0,0.0,[]
151,,Thu Oct 12 19:41:42 EDT 2023,SocialDistance.pl,1697154102164,560,560,(D)4,0.0,100.0,0.0,0.0,0.0,0.0,0.0,0.0,0.0,0.0,0.0,null,0.0,0.0,[]
152,,Thu Oct 12 19:41:42 EDT 2023,SocialDistance.pl,1697154102727,1991,1991,(D)1,0.0,100.0,0.0,0.0,0.0,0.0,1.0,0.0,1.0,0.0,0.0,0.0,0.0,0.0,[]
153,,Wed Dec 31 19:00:00 EST 1969,SocialDistance.pl,0,-1,0,,0.0,0.0,0.0,0.0,0.0,0.0,0.0,0.0,0.0,0.0,0.0,null,0.0,0.0,[]
154,,Wed Dec 31 19:00:00 EST 1969,SocialDistance.pl,0,-1,0,,0.0,0.0,0.0,0.0,0.0,0.0,0.0,0.0,0.0,0.0,0.0,null,0.0,0.0,[]
155,,Thu Oct 12 19:41:47 EDT 2023,SocialDistance.pl,1697154107014,11645,0,(D)2,0.0,100.0,0.0,0.0,0.0,0.0,0.18181818181818182,0.0,0.18181818181818182,0.0,0.0,0.0,0.0,0.0,[]
156,,Thu Oct 12 19:41:58 EDT 2023,SocialDistance.pl,1697154118681,603,603,(D)1,0.0,100.0,0.0,0.0,0.0,0.0,0.0,0.0,0.0,0.0,0.0,null,0.0,0.0,[]
157,,Wed Dec 31 19:00:00 EST 1969,SocialDistance.pl,0,-1,0,,0.0,0.0,0.0,0.0,0.0,0.0,0.0,0.0,0.0,0.0,0.0,null,0.0,0.0,[]
158,,Wed Dec 31 19:00:00 EST 1969,SocialDistance.pl,0,-1,0,,0.0,0.0,0.0,0.0,0.0,0.0,0.0,0.0,0.0,0.0,0.0,null,0.0,0.0,[]
159,,Thu Oct 12 19:42:03 EDT 2023,SocialDistance.pl,1697154123039,559,559,(D)6,0.0,100.0,0.0,0.0,0.0,0.0,0.0,0.0,0.0,0.0,0.0,null,0.0,0.0,[]
160,,Thu Oct 12 19:42:03 EDT 2023,SocialDistance.pl,1697154123622,585,585,(D)3,0.0,100.0,0.0,0.0,0.0,0.0,0.0,0.0,0.0,0.0,0.0,null,0.0,0.0,[]
161,,Wed Dec 31 19:00:00 EST 1969,SocialDistance.pl,0,-1,0,,0.0,0.0,0.0,0.0,0.0,0.0,0.0,0.0,0.0,0.0,0.0,null,0.0,0.0,[]
162,,Wed Dec 31 19:00:00 EST 1969,SocialDistance.pl,0,-1,0,,0.0,0.0,0.0,0.0,0.0,0.0,0.0,0.0,0.0,0.0,0.0,null,0.0,0.0,[]
163,,Thu Oct 12 19:42:09 EDT 2023,SocialDistance.pl,1697154129416,16110,0,(D)1,0.0,100.0,0.0,0.0,0.0,0.0,0.0625,0.0,0.0625,0.0,0.0,0.0,0.0,0.0,[]
164,,Thu Oct 12 19:42:35 EDT 2023,SocialDistance.pl,1697154155561,53117,0,(F)1(I)2(R)1(R I)1(I)1(R I)1(I)1(F)2(D)1(F)1,50.0,8.333333333333332,0.0,33.33333333333333,25.0,0.0,0.22641509433962265,0.0,0.018867924528301886,0.07547169811320754,0.0,0.05660377358490566,0.11320754716981132,0.0,[]
165,,Wed Dec 31 19:00:00 EST 1969,SocialDistance.pl,0,-1,0,,0.0,0.0,0.0,0.0,0.0,0.0,0.0,0.0,0.0,0.0,0.0,null,0.0,0.0,[]
166,,Wed Dec 31 19:00:00 EST 1969,SocialDistance.pl,0,-1,0,,0.0,0.0,0.0,0.0,0.0,0.0,0.0,0.0,0.0,0.0,0.0,null,0.0,0.0,[]
167,,Thu Oct 12 19:43:30 EDT 2023,SocialDistance.pl,1697154210683,31164,0,(F)2,0.0,0.0,0.0,100.0,0.0,0.0,0.06451612903225806,0.0,0.0,0.06451612903225806,0.0,0.0,0.0,0.0,[]
168,,Thu Oct 12 19:44:09 EDT 2023,SocialDistance.pl,1697154249367,43169,0,(F)1(I)1(F)2(I)1(F)2(I)1(D)1(F)2(I)1(F)2(I)1(F)2(I)1,33.33333333333333,5.555555555555555,0.0,61.111111111111114,0.0,0.0,0.4186046511627907,0.0,0.023255813953488372,0.2558139534883721,0.0,0.0,0.13953488372093023,0.0,[]
169,,Thu Oct 12 19:44:53 EDT 2023,SocialDistance.pl,1697154293042,31618,0,(F)2(I)1(F)4(I)1(F)8,12.5,0.0,0.0,87.5,0.0,0.0,0.5161290322580645,0.0,0.0,0.45161290322580644,0.0,0.0,0.06451612903225806,0.0,[]
170,,Thu Oct 12 19:45:29 EDT 2023,SocialDistance.pl,1697154329086,65441,0,(F)4(I)1(F)2(I)1(F)2(I)1(F)3,21.428571428571427,0.0,0.0,78.57142857142857,0.0,0.0,0.2153846153846154,0.0,0.0,0.16923076923076924,0.0,0.0,0.046153846153846156,0.0,[]
171,,Thu Oct 12 19:46:36 EDT 2023,SocialDistance.pl,1697154396663,67601,0,(F)1(I)1(F)2(I)1(F)5(R)1(I)1(R)1(I)1(F)1(I)2(R)1(I)4(R)1(I)1(F)1,44.0,0.0,0.0,40.0,16.0,0.0,0.373134328358209,0.0,0.0,0.14925373134328357,0.0,0.05970149253731343,0.16417910447761194,0.0,[]
172,,Thu Oct 12 19:47:47 EDT 2023,SocialDistance.pl,1697154467917,135623,0,(F)1(I)1(F)2(I)1(F)6(I)1(F)9,14.285714285714285,0.0,0.0,85.71428571428571,0.0,0.0,0.15555555555555556,0.0,0.0,0.13333333333333333,0.0,0.0,0.022222222222222223,0.0,[]
173,,Thu Oct 12 19:50:04 EDT 2023,SocialDistance.pl,1697154604893,21607,0,(F)3(I)2(F)6(I)1(F)2(I)1(F)2(I)1(F)1,26.31578947368421,0.0,0.0,73.68421052631578,0.0,0.0,0.9047619047619048,0.0,0.0,0.6666666666666666,0.0,0.0,0.23809523809523808,0.0,[]
174,,Thu Oct 12 19:50:27 EDT 2023,SocialDistance.pl,1697154627425,34794,0,(F)5(I)1(F)8,7.142857142857142,0.0,0.0,92.85714285714286,0.0,0.0,0.4117647058823529,0.0,0.0,0.38235294117647056,0.0,0.0,0.029411764705882353,0.0,[]
175,,Thu Oct 12 19:51:04 EDT 2023,SocialDistance.pl,1697154664058,53490,0,(F)20(I)1,4.761904761904762,0.0,0.0,95.23809523809523,0.0,0.0,0.39622641509433965,0.0,0.0,0.37735849056603776,0.0,0.0,0.018867924528301886,0.0,[]
176,,Thu Oct 12 19:51:58 EDT 2023,SocialDistance.pl,1697154718959,23821,0,(F)4(I)1(F)2(I)1(F)2(I)1(D)1(F)8,15.0,5.0,0.0,80.0,0.0,0.0,0.8695652173913043,0.0,0.043478260869565216,0.6956521739130435,0.0,0.0,0.13043478260869565,0.0,[]
177,,Thu Oct 12 19:52:24 EDT 2023,SocialDistance.pl,1697154744957,27122,0,(F)2(I)1(F)4(I)1(F)2(I)1(F)2(I)1(D)1(F)3,22.22222222222222,5.555555555555555,0.0,72.22222222222221,0.0,0.0,0.6666666666666666,0.0,0.037037037037037035,0.48148148148148145,0.0,0.0,0.14814814814814814,0.0,[]
178,,Thu Oct 12 19:52:53 EDT 2023,SocialDistance.pl,1697154773657,31614,0,(F)7(I)1(F)4(I)1(F)5,11.11111111111111,0.0,0.0,88.88888888888889,0.0,0.0,0.5806451612903226,0.0,0.0,0.5161290322580645,0.0,0.0,0.06451612903225806,0.0,[]
179,,Thu Oct 12 19:53:31 EDT 2023,SocialDistance.pl,1697154811067,73347,0,(F)5(I)1(F)4(I)1(F)4(I)5,35.0,0.0,0.0,65.0,0.0,0.0,0.273972602739726,0.0,0.0,0.1780821917808219,0.0,0.0,0.0958904109589041,0.0,[]
180,,Thu Oct 12 19:54:44 EDT 2023,SocialDistance.pl,1697154884528,88539,0,(I)7(F)2(I)1(F)4(I)1(D)1(I)1(F)2,52.63157894736842,5.263157894736842,0.0,42.10526315789473,0.0,0.0,0.2159090909090909,0.0,0.011363636363636364,0.09090909090909091,0.0,0.0,0.11363636363636363,0.0,[]
181,,Thu Oct 12 19:56:14 EDT 2023,SocialDistance.pl,1697154974501,25537,0,(F)4(I)19,82.6086956521739,0.0,0.0,17.391304347826086,0.0,0.0,0.92,0.0,0.0,0.16,0.0,0.0,0.76,0.0,[]
182,,Thu Oct 12 19:56:40 EDT 2023,SocialDistance.pl,1697155000178,6063,6063,(I)5(R)1(I)18,95.83333333333334,0.0,0.0,0.0,4.166666666666666,0.0,4.0,0.0,0.0,0.0,0.0,0.16666666666666666,3.8333333333333335,0.0,[]
183,,Thu Oct 12 19:56:46 EDT 2023,SocialDistance.pl,1697155006382,10597,0,(I)9(R)16,36.0,0.0,0.0,0.0,64.0,0.0,2.5,0.0,0.0,0.0,0.0,1.6,0.9,0.0,[]
184,,Thu Oct 12 19:56:57 EDT 2023,SocialDistance.pl,1697155017075,39492,0,(R)7(I)8(R)2(I)5(R)1(I)2,60.0,0.0,0.0,0.0,40.0,0.0,0.6410256410256411,0.0,0.0,0.0,0.0,0.2564102564102564,0.38461538461538464,0.0,[]
185,,Thu Oct 12 19:57:36 EDT 2023,SocialDistance.pl,1697155056567,6263,6263,(I)18(R)2(I)3(R)2,84.0,0.0,0.0,0.0,16.0,0.0,4.166666666666667,0.0,0.0,0.0,0.0,0.6666666666666666,3.5,0.0,[]
186,,Thu Oct 12 19:57:42 EDT 2023,SocialDistance.pl,1697155062483,6609,6609,(R)1(I)24,96.0,0.0,0.0,0.0,4.0,0.0,4.166666666666667,0.0,0.0,0.0,0.0,0.16666666666666666,4.0,0.0,[]
187,,Thu Oct 12 19:57:49 EDT 2023,SocialDistance.pl,1697155069188,7852,7852,(I)19(R)1(I)2(F)1,91.30434782608695,0.0,0.0,4.3478260869565215,4.3478260869565215,0.0,3.2857142857142856,0.0,0.0,0.14285714285714285,0.0,0.14285714285714285,3.0,0.0,[]
188,,Thu Oct 12 19:57:57 EDT 2023,SocialDistance.pl,1697155077736,60581,0,(F)3(I)2(F)2(I)3(R)1(I)2(R)1(I)8,68.18181818181817,0.0,0.0,22.727272727272727,9.090909090909092,0.0,0.36666666666666664,0.0,0.0,0.08333333333333333,0.0,0.03333333333333333,0.25,0.0,[]
189,,Thu Oct 12 19:58:58 EDT 2023,SocialDistance.pl,1697155138577,14482,0,(I)8(R)1(I)16,96.0,0.0,0.0,0.0,4.0,0.0,1.7857142857142858,0.0,0.0,0.0,0.0,0.07142857142857142,1.7142857142857142,0.0,[]
190,,Thu Oct 12 19:59:13 EDT 2023,SocialDistance.pl,1697155153180,15493,0,(I)1(R)1(I)2(R I)1(I)1(R)1(I)4(R)3(I)1(R)1(I)1(R)1(I)3(R)1(I)1,65.21739130434783,0.0,0.0,0.0,39.130434782608695,0.0,1.5333333333333334,0.0,0.0,0.0,0.0,0.6,1.0,0.0,[]
191,,Thu Oct 12 19:59:29 EDT 2023,SocialDistance.pl,1697155169452,4785,4785,(I)15(R)1(I)9,96.0,0.0,0.0,0.0,4.0,0.0,6.25,0.0,0.0,0.0,0.0,0.25,6.0,0.0,[]
192,,Thu Oct 12 19:59:28 EDT 2023,SocialDistance.pl,1697155168673,20834,0,(I)1(R)1(I)11(R)2(I)1(R)1(I)6,82.6086956521739,0.0,0.0,0.0,17.391304347826086,0.0,1.15,0.0,0.0,0.0,0.0,0.2,0.95,0.0,[]
193,,Thu Oct 12 19:59:52 EDT 2023,SocialDistance.pl,1697155192287,102071,0,(F)2(I)1(D)1(I)3(F)4(I)3(R)1(I)3(R)1(R I)1(I)1(R)1(R I)1,56.52173913043478,4.3478260869565215,0.0,26.08695652173913,21.73913043478261,0.0,0.22549019607843138,0.0,0.00980392156862745,0.058823529411764705,0.0,0.049019607843137254,0.12745098039215685,0.0,[]
194,,Thu Oct 12 20:01:34 EDT 2023,SocialDistance.pl,1697155294836,4135,4135,(I)1(R)1(R I)1(I)1(R)1(R I)1(I)1(R)1(R I)1(I)1(R I)1(R)5(I)1(R)5(I)3,48.0,0.0,0.0,0.0,68.0,0.0,6.25,0.0,0.0,0.0,0.0,4.25,3.0,0.0,[]
195,,Thu Oct 12 20:01:39 EDT 2023,SocialDistance.pl,1697155299257,21796,0,(R I)1(I)1(R I)1(I)1(R I)1(I)1(R I)1(I)1(R I)1(I)1(R I)1(I)1(R I)1(I)1(R I)1(I)1(R I)2(I)3,100.0,0.0,0.0,0.0,47.61904761904761,0.0,1.0,0.0,0.0,0.0,0.0,0.47619047619047616,1.0,0.0,[]
196,,Thu Oct 12 20:02:01 EDT 2023,SocialDistance.pl,1697155321396,41300,0,(I)12(R)1(I)2(R)2(I)6(R)1,83.33333333333334,0.0,0.0,0.0,16.666666666666664,0.0,0.5853658536585366,0.0,0.0,0.0,0.0,0.0975609756097561,0.4878048780487805,0.0,[]
197,,Thu Oct 12 20:02:42 EDT 2023,SocialDistance.pl,1697155362981,30981,0,(I)1(R)1(I)5(R)2(I)1(R)1(I)2(R)1(I)3(R)3(I)4,66.66666666666666,0.0,0.0,0.0,33.33333333333333,0.0,0.8,0.0,0.0,0.0,0.0,0.26666666666666666,0.5333333333333333,0.0,[]
198,,Thu Oct 12 20:03:14 EDT 2023,SocialDistance.pl,1697155394058,3827,3827,(I)12(R)1(I)1(R)1(I)1(R)1(I)8,88.0,0.0,0.0,0.0,12.0,0.0,8.333333333333334,0.0,0.0,0.0,0.0,1.0,7.333333333333333,0.0,[]
199,,Thu Oct 12 20:03:18 EDT 2023,SocialDistance.pl,1697155398056,10783,0,(I)2(R)3(I)2(R)2(I)16,80.0,0.0,0.0,0.0,20.0,0.0,2.5,0.0,0.0,0.0,0.0,0.5,2.0,0.0,[]
200,,Thu Oct 12 20:03:29 EDT 2023,SocialDistance.pl,1697155409289,39750,0,(I)24,100.0,0.0,0.0,0.0,0.0,0.0,0.6153846153846154,0.0,0.0,0.0,0.0,0.0,0.6153846153846154,0.0,[]
201,,Thu Oct 12 20:04:10 EDT 2023,SocialDistance.pl,1697155450230,7455,7455,(I)13(R)2(I)10,92.0,0.0,0.0,0.0,8.0,0.0,3.5714285714285716,0.0,0.0,0.0,0.0,0.2857142857142857,3.2857142857142856,0.0,[]
202,,Thu Oct 12 20:04:18 EDT 2023,SocialDistance.pl,1697155458032,7968,7968,(I)5(R)1(I)18,95.83333333333334,0.0,0.0,0.0,4.166666666666666,0.0,3.4285714285714284,0.0,0.0,0.0,0.0,0.14285714285714285,3.2857142857142856,0.0,[]
203,,Thu Oct 12 20:04:26 EDT 2023,SocialDistance.pl,1697155466775,8151,8151,(I)24,100.0,0.0,0.0,0.0,0.0,0.0,3.0,0.0,0.0,0.0,0.0,0.0,3.0,0.0,[]
204,,Thu Oct 12 20:04:35 EDT 2023,SocialDistance.pl,1697155475173,69335,0,(I)4(F)2(I)1(R)2(I)1(R)4(I)1(R I)1(I)1(R)1(I)2(F)2,50.0,0.0,0.0,18.181818181818183,36.36363636363637,0.0,0.3188405797101449,0.0,0.0,0.057971014492753624,0.0,0.11594202898550725,0.15942028985507245,0.0,[]
205,,Thu Oct 12 20:05:44 EDT 2023,SocialDistance.pl,1697155544973,37909,0,(F)2(I)2(F)2(I)1(F)2(I)1(F)10,20.0,0.0,0.0,80.0,0.0,0.0,0.5405405405405406,0.0,0.0,0.43243243243243246,0.0,0.0,0.10810810810810811,0.0,[]
206,,Thu Oct 12 20:06:25 EDT 2023,SocialDistance.pl,1697155585091,34372,0,(I)1(F)6(I)1(F)6,14.285714285714285,0.0,0.0,85.71428571428571,0.0,0.0,0.4117647058823529,0.0,0.0,0.35294117647058826,0.0,0.0,0.058823529411764705,0.0,[]
207,,Thu Oct 12 20:07:01 EDT 2023,SocialDistance.pl,1697155621110,114928,0,(I)1(D)1(F)2(I)2(F)12(I)3(R)1(I)2(R)1,32.0,4.0,0.0,56.00000000000001,8.0,0.0,0.21929824561403508,0.0,0.008771929824561403,0.12280701754385964,0.0,0.017543859649122806,0.07017543859649122,0.0,[]
208,,Thu Oct 12 20:08:58 EDT 2023,SocialDistance.pl,1697155738488,10230,0,(I)6(R)2(I)17,92.0,0.0,0.0,0.0,8.0,0.0,2.5,0.0,0.0,0.0,0.0,0.2,2.3,0.0,[]
209,,Thu Oct 12 20:09:08 EDT 2023,SocialDistance.pl,1697155748298,7946,7946,(I)1(R)1(I)17(R)2(I)4,88.0,0.0,0.0,0.0,12.0,0.0,3.5714285714285716,0.0,0.0,0.0,0.0,0.42857142857142855,3.142857142857143,0.0,[]
210,,Thu Oct 12 20:09:16 EDT 2023,SocialDistance.pl,1697155756593,4792,4792,(I)1(R)1(I)1(R)1(I)1(R)1(I)1(R)1(I)13(R)2(I)2,76.0,0.0,0.0,0.0,24.0,0.0,6.25,0.0,0.0,0.0,0.0,1.5,4.75,0.0,[]
211,,Thu Oct 12 20:09:21 EDT 2023,SocialDistance.pl,1697155761786,10745,0,(I)25,100.0,0.0,0.0,0.0,0.0,0.0,2.5,0.0,0.0,0.0,0.0,0.0,2.5,0.0,[]
212,,Thu Oct 12 20:09:32 EDT 2023,SocialDistance.pl,1697155772691,33880,0,(F)4(I)2(F)4(I)1(F)2,23.076923076923077,0.0,0.0,76.92307692307693,0.0,0.0,0.3939393939393939,0.0,0.0,0.30303030303030304,0.0,0.0,0.09090909090909091,0.0,[]
213,,Thu Oct 12 20:10:07 EDT 2023,SocialDistance.pl,1697155807763,42472,0,(I)1(F)2(I)1(F)10(I)1,20.0,0.0,0.0,80.0,0.0,0.0,0.35714285714285715,0.0,0.0,0.2857142857142857,0.0,0.0,0.07142857142857142,0.0,[]
214,,Thu Oct 12 20:10:51 EDT 2023,SocialDistance.pl,1697155851581,20423,0,(F)4(I)1(F)2(I)1(F)6(I)1,20.0,0.0,0.0,80.0,0.0,0.0,0.75,0.0,0.0,0.6,0.0,0.0,0.15,0.0,[]
215,,Thu Oct 12 20:11:12 EDT 2023,SocialDistance.pl,1697155872739,32411,0,(F)8(I)1(F)2(I)1(F)2(I)1,20.0,0.0,0.0,80.0,0.0,0.0,0.46875,0.0,0.0,0.375,0.0,0.0,0.09375,0.0,[]
216,,Thu Oct 12 20:11:45 EDT 2023,SocialDistance.pl,1697155905688,30064,0,(F)8(I)1(F)4(I)1(F)4,11.11111111111111,0.0,0.0,88.88888888888889,0.0,0.0,0.6,0.0,0.0,0.5333333333333333,0.0,0.0,0.06666666666666667,0.0,[]
217,,Thu Oct 12 20:12:17 EDT 2023,SocialDistance.pl,1697155937113,88150,0,(I)1(F)8(I)3(R I)1(I)1(F)6,30.0,0.0,0.0,70.0,5.0,0.0,0.22727272727272727,0.0,0.0,0.1590909090909091,0.0,0.011363636363636364,0.06818181818181818,0.0,[]
218,,Thu Oct 12 20:13:45 EDT 2023,SocialDistance.pl,1697156025263,31205,0,(D)1(F)3,0.0,25.0,0.0,75.0,0.0,0.0,0.12903225806451613,0.0,0.03225806451612903,0.0967741935483871,0.0,0.0,0.0,0.0,[]
219,,Wed Dec 31 19:00:00 EST 1969,SocialDistance.pl,0,-1,0,,0.0,0.0,0.0,0.0,0.0,0.0,0.0,0.0,0.0,0.0,0.0,null,0.0,0.0,[]
220,,Wed Dec 31 19:00:00 EST 1969,SocialDistance.pl,0,-1,0,,0.0,0.0,0.0,0.0,0.0,0.0,0.0,0.0,0.0,0.0,0.0,null,0.0,0.0,[]
221,,Thu Oct 12 20:14:18 EDT 2023,SocialDistance.pl,1697156058594,153344,0,(F)1(I)2(F)4(I)2(R)1(I)10(R)1(I)1,68.18181818181817,0.0,0.0,22.727272727272727,9.090909090909092,0.0,0.1437908496732026,0.0,0.0,0.032679738562091505,0.0,0.013071895424836602,0.09803921568627451,0.0,[]
222,,Thu Oct 12 20:16:52 EDT 2023,SocialDistance.pl,1697156212063,8582,8582,(I)16(R)6(I)1(R)1,70.83333333333334,0.0,0.0,0.0,29.166666666666668,0.0,3.0,0.0,0.0,0.0,0.0,0.875,2.125,0.0,[]
223,,Thu Oct 12 20:17:01 EDT 2023,SocialDistance.pl,1697156221764,10393,0,(I)2(R)2(I)19(R)1(I)1,88.0,0.0,0.0,0.0,12.0,0.0,2.5,0.0,0.0,0.0,0.0,0.3,2.2,0.0,[]
224,,Thu Oct 12 20:17:12 EDT 2023,SocialDistance.pl,1697156232783,6385,6385,(R)2(I)1(R)1(I)1(R)1(I)1(R)1(I)4(R)1(I)12,76.0,0.0,0.0,0.0,24.0,0.0,4.166666666666667,0.0,0.0,0.0,0.0,1.0,3.1666666666666665,0.0,[]
225,,Thu Oct 12 20:17:20 EDT 2023,SocialDistance.pl,1697156240546,12508,0,(I)2(R)2(I)21,92.0,0.0,0.0,0.0,8.0,0.0,2.0833333333333335,0.0,0.0,0.0,0.0,0.16666666666666666,1.9166666666666667,0.0,[]
226,,Thu Oct 12 20:17:36 EDT 2023,SocialDistance.pl,1697156256166,11059,0,(I)25,100.0,0.0,0.0,0.0,0.0,0.0,2.272727272727273,0.0,0.0,0.0,0.0,0.0,2.272727272727273,0.0,[]
227,,Thu Oct 12 20:17:47 EDT 2023,SocialDistance.pl,1697156267338,65157,0,(I)7(R)2(I)3(D)1(F)1,71.42857142857143,7.142857142857142,0.0,7.142857142857142,14.285714285714285,0.0,0.2153846153846154,0.0,0.015384615384615385,0.015384615384615385,0.0,0.03076923076923077,0.15384615384615385,0.0,[]
228,,Wed Dec 31 19:00:00 EST 1969,SocialDistance.pl,0,-1,0,,0.0,0.0,0.0,0.0,0.0,0.0,0.0,0.0,0.0,0.0,0.0,null,0.0,0.0,[]
229,,Thu Oct 12 20:18:53 EDT 2023,SocialDistance.pl,1697156333563,959,959,(D)21,0.0,100.0,0.0,0.0,0.0,0.0,0.0,0.0,0.0,0.0,0.0,null,0.0,0.0,[]
230,,Thu Oct 12 20:18:54 EDT 2023,SocialDistance.pl,1697156334545,24576,0,(D)10(F)1(I)2,15.384615384615385,76.92307692307693,0.0,7.6923076923076925,0.0,0.0,0.5416666666666666,0.0,0.4166666666666667,0.041666666666666664,0.0,0.0,0.08333333333333333,0.0,[]
231,,Thu Oct 12 20:17:40 EDT 2023,SocialDistance.pl,1697156260472,117637,0,(I)1(R)1(I)2(R)2(I)1(R I)1(I)5(F)3,62.5,0.0,0.0,18.75,25.0,0.0,0.13675213675213677,0.0,0.0,0.02564102564102564,0.0,0.03418803418803419,0.08547008547008547,0.0,[]
232,,Thu Oct 12 20:19:38 EDT 2023,SocialDistance.pl,1697156378110,576,576,(D)3,0.0,100.0,0.0,0.0,0.0,0.0,0.0,0.0,0.0,0.0,0.0,null,0.0,0.0,[]
233,,Wed Dec 31 19:00:00 EST 1969,SocialDistance.pl,0,-1,0,,0.0,0.0,0.0,0.0,0.0,0.0,0.0,0.0,0.0,0.0,0.0,null,0.0,0.0,[]
234,,Thu Oct 12 20:19:44 EDT 2023,SocialDistance.pl,1697156384784,781,781,(D)2,0.0,100.0,0.0,0.0,0.0,0.0,0.0,0.0,0.0,0.0,0.0,null,0.0,0.0,[]
235,,Thu Oct 12 20:19:46 EDT 2023,SocialDistance.pl,1697156386047,549,549,(D)3,0.0,100.0,0.0,0.0,0.0,0.0,0.0,0.0,0.0,0.0,0.0,null,0.0,0.0,[]
236,,Wed Dec 31 19:00:00 EST 1969,SocialDistance.pl,0,-1,0,,0.0,0.0,0.0,0.0,0.0,0.0,0.0,0.0,0.0,0.0,0.0,null,0.0,0.0,[]
237,,Thu Oct 12 20:19:47 EDT 2023,SocialDistance.pl,1697156387550,520,520,(D)4,0.0,100.0,0.0,0.0,0.0,0.0,0.0,0.0,0.0,0.0,0.0,null,0.0,0.0,[]
238,,Thu Oct 12 20:19:48 EDT 2023,SocialDistance.pl,1697156388092,546,546,(D)3,0.0,100.0,0.0,0.0,0.0,0.0,0.0,0.0,0.0,0.0,0.0,null,0.0,0.0,[]
239,,Thu Oct 12 20:19:48 EDT 2023,SocialDistance.pl,1697156388640,940,940,(D)2,0.0,100.0,0.0,0.0,0.0,0.0,0.0,0.0,0.0,0.0,0.0,null,0.0,0.0,[]
240,,Thu Oct 12 20:19:49 EDT 2023,SocialDistance.pl,1697156389599,575,575,(D)7,0.0,100.0,0.0,0.0,0.0,0.0,0.0,0.0,0.0,0.0,0.0,null,0.0,0.0,[]
241,,Wed Dec 31 19:00:00 EST 1969,SocialDistance.pl,0,-1,0,,0.0,0.0,0.0,0.0,0.0,0.0,0.0,0.0,0.0,0.0,0.0,null,0.0,0.0,[]
242,,Wed Dec 31 19:00:00 EST 1969,SocialDistance.pl,0,-1,0,,0.0,0.0,0.0,0.0,0.0,0.0,0.0,0.0,0.0,0.0,0.0,null,0.0,0.0,[]
243,,Wed Dec 31 19:00:00 EST 1969,SocialDistance.pl,0,-1,0,,0.0,0.0,0.0,0.0,0.0,0.0,0.0,0.0,0.0,0.0,0.0,null,0.0,0.0,[]
244,,Thu Oct 12 20:19:52 EDT 2023,SocialDistance.pl,1697156392785,54674,0,(F)1(I)2(F)2(D)1(F)3,22.22222222222222,11.11111111111111,0.0,66.66666666666666,0.0,0.0,0.16666666666666666,0.0,0.018518518518518517,0.1111111111111111,0.0,0.0,0.037037037037037035,0.0,[]
245,,Thu Oct 12 20:20:48 EDT 2023,SocialDistance.pl,1697156448645,4141,4141,(D)2,0.0,100.0,0.0,0.0,0.0,0.0,0.5,0.0,0.5,0.0,0.0,0.0,0.0,0.0,[]
246,,Thu Oct 12 20:20:52 EDT 2023,SocialDistance.pl,1697156452807,617,617,(D)2,0.0,100.0,0.0,0.0,0.0,0.0,0.0,0.0,0.0,0.0,0.0,null,0.0,0.0,[]
247,,Thu Oct 12 20:20:53 EDT 2023,SocialDistance.pl,1697156453449,2231,2231,(D)1,0.0,100.0,0.0,0.0,0.0,0.0,0.5,0.0,0.5,0.0,0.0,0.0,0.0,0.0,[]
248,,Thu Oct 12 20:20:55 EDT 2023,SocialDistance.pl,1697156455681,537,537,(D)3,0.0,100.0,0.0,0.0,0.0,0.0,0.0,0.0,0.0,0.0,0.0,null,0.0,0.0,[]
249,,Thu Oct 12 20:20:56 EDT 2023,SocialDistance.pl,1697156456243,409,409,(D)3,0.0,100.0,0.0,0.0,0.0,0.0,0.0,0.0,0.0,0.0,0.0,null,0.0,0.0,[]
250,,Wed Dec 31 19:00:00 EST 1969,SocialDistance.pl,0,-1,0,,0.0,0.0,0.0,0.0,0.0,0.0,0.0,0.0,0.0,0.0,0.0,null,0.0,0.0,[]
251,,Wed Dec 31 19:00:00 EST 1969,SocialDistance.pl,0,-1,0,,0.0,0.0,0.0,0.0,0.0,0.0,0.0,0.0,0.0,0.0,0.0,null,0.0,0.0,[]
252,,Thu Oct 12 20:20:59 EDT 2023,SocialDistance.pl,1697156459986,2881,2881,(D)1,0.0,100.0,0.0,0.0,0.0,0.0,0.5,0.0,0.5,0.0,0.0,0.0,0.0,0.0,[]
253,,Thu Oct 12 20:21:02 EDT 2023,SocialDistance.pl,1697156462890,563,563,(D)2,0.0,100.0,0.0,0.0,0.0,0.0,0.0,0.0,0.0,0.0,0.0,null,0.0,0.0,[]
254,,Wed Dec 31 19:00:00 EST 1969,SocialDistance.pl,0,-1,0,,0.0,0.0,0.0,0.0,0.0,0.0,0.0,0.0,0.0,0.0,0.0,null,0.0,0.0,[]
255,,Wed Dec 31 19:00:00 EST 1969,SocialDistance.pl,0,-1,0,,0.0,0.0,0.0,0.0,0.0,0.0,0.0,0.0,0.0,0.0,0.0,null,0.0,0.0,[]
256,,Thu Oct 12 20:21:09 EDT 2023,SocialDistance.pl,1697156469780,531,531,(D)5,0.0,100.0,0.0,0.0,0.0,0.0,0.0,0.0,0.0,0.0,0.0,null,0.0,0.0,[]
257,,Thu Oct 12 20:21:10 EDT 2023,SocialDistance.pl,1697156470333,545,545,(D)5,0.0,100.0,0.0,0.0,0.0,0.0,0.0,0.0,0.0,0.0,0.0,null,0.0,0.0,[]
258,,Wed Dec 31 19:00:00 EST 1969,SocialDistance.pl,0,-1,0,,0.0,0.0,0.0,0.0,0.0,0.0,0.0,0.0,0.0,0.0,0.0,null,0.0,0.0,[]
259,,Wed Dec 31 19:00:00 EST 1969,SocialDistance.pl,0,-1,0,,0.0,0.0,0.0,0.0,0.0,0.0,0.0,0.0,0.0,0.0,0.0,null,0.0,0.0,[]
260,,Thu Oct 12 20:21:15 EDT 2023,SocialDistance.pl,1697156475187,12786,0,(D)1,0.0,100.0,0.0,0.0,0.0,0.0,0.08333333333333333,0.0,0.08333333333333333,0.0,0.0,0.0,0.0,0.0,[]
